Name,Breed,Location,Gender,Age,Weight,Image,Description
Wendy,Great Dane / Pit Bull Terrier,Nevins Farm,Female,5 Years,88.18,https://www.mspca.org/wp-content/uploads/2023/06/Wendy.jpg?1700198752," If you haven‚Äôt yet met Wendy‚Äì you‚Äôre missing out! Ms. Wendy is a 5 year old pitbull great dane mix who is our resident social butterfly at the Methuen shelter! Wendy loves all people and has been doing a GREAT job practicing her best manners. Wendy is housebroken, polite, and smart and is looking for a cozy spot to call home. Since Wendy is a big lady, she is looking for adopters who are willing and ready to continue her training. Wendy has been doing great with her positive reinforcement training since arriving to the shelter. During her stay, she‚Äôs been working on walking on a loose leash on a harness, disengaging from other animals in the environment (as she has a strong desire for rabbits (; ), and mastering some other special cues like ‚Äúsit‚Äù ‚Äúlay down‚Äù and ‚Äúdrop it‚Äù. Wendy also loves to bounce around a yard space with her volunteer friends and entertain herself with some lowkey play time. After Wendy‚Äôs had the chance to get some of her energy out, she is also a master snuggler, and is sure to win your heart over if you meet her! While Wendy has been able to successfully navigate a world with lots of dogs, she would likely do best as the only dog in the home. She has the potential to live with another dog, however it would require much more management and that dog would need to be more tolerant of her big and bossy playstyle. Wendy has a high prey drive so unfortuntely she isn‚Äôt a candidate to live with a cat or other small mammal. Wendy has the potential to live with kids, however she is a big gal still working on her manners, so bigger teens may be best! If you are interested in Wendy, please stop by our Methuen Adoption Center between the hours of 12PM-3PM Tuesday-Sunday!"
Rilee,Pit Bull Terrier,Nevins Farm,Female,7 Years,68.12,https://www.mspca.org/wp-content/uploads/2023/09/Rilee1-1-1024x1024.jpg?1700198760," Rilee is a happy girl that loves to give kisses to
her favorite people and now that she`s comfortable, she wiggles her way through the halls of the shelter to say hi to everyone she meets. She loves to entertain her friends with her silly antics when she`s playing with toys. This good girl is house and crate trained! Because Rilee has been through many changes in a short time, her adopters should plan on giving her plenty of time with just household members before slowly expanding her world. This time gives her an opportunity to bond with her family, while they learn what makes her comfortable. She has not had much experience meeting new dogs and while she may eventually be able to have a walking buddy, she is not a candidate for daycare or dog parks. Rilee would likely be most comfortable as the only dog in the home and politely declines the company of cats. Any kids in the family must be older and have previous dog experience. To learn about this pretty pittie lady, stop by the shelter during open hours to talk to staff.
Tuesday-Sunday 12-3p"
Georgie,Labrador Retriever Mix,Cape Cod,Male,8 Years,69.45,https://www.mspca.org/wp-content/uploads/2023/09/4-3.jpeg?1700198771," This happy guy is as smart as he is handsome! He knows sit, down, and speak, and walks nicely on the leash. Georgie seems to enjoy the company of humans more than canine friends, and we think he would do best as the only dog in the home. He loves working on his tricks, playing with toys, and getting pets from his people. Honestly, we think you`d be hard pressed to find a dog with a bigger smile than this guy, when he`s with his humans. Georgie is 7 years old and has had a few transitions in a short period of time, so adopters should plan on giving him plenty of time to settle in with just household members. This will help this good boy bond with his new family while everyone gets acquainted. Any kids in the family should be old enough to respect his needs as he adjusts to his new home. If you are looking for a great walking and cuddling partner, Georgie is your man! He is a volunteer favorite! Come and meet him today! Open hours at our Cape location are Tuesday-Sunday 1-4pm.
Weight ‚Äì 69.45 lbs"
Skylar,Pit Bull Terrier,Nevins Farm,Female,1 Years,18.74,https://www.mspca.org/wp-content/uploads/2023/09/Screenshot_20231108_105420_Outlook-810x1024.jpg?1700198781," Smart, sweet and cute are all fitting words to describe Ms. Skylar! Skylar is a one year old pitbull mix ready to find her home! While Skylar is happy to lay down and entertain herself with some stuffy toys, she is also a young active dog who is ready to bring the party! Skylar is looking for adopters who are willing to put a little extra effort getting her started with some of the basics a young dog may require like training, settling into a new space, and navigating the world, and will benefit from people willing to keep her world small to start. Adopters should be prepared for Skylar to show her more active side as she gets comfortable and settles in. While Skylar is likely capable of having some well-matched dog friends, another dog in the home would need to be accepting of a high energy young dog who can be a bit awkward. At this time, Skylar is not looking to live with cats or younger kids. If Skylar sounds like a match for you, feel free to stop by our Methuen Adoption Center between the hours of 12PM-3PM Tuesday-Sunday!"
Ace,Pit Bull Terrier,Nevins Farm,Male,1 Years,59.52,https://www.mspca.org/wp-content/uploads/2023/09/IMG_20231108_104136.jpg?1700198791," Handsome, energetic, and fun, thats our boy Ace! Ace is a 1 year old pitbull terrier looking for his future home! While Ace is excited about life and a happy-go-lucky guy with his friends, he can be a bit worried to start so adopters should be ready to give this guy a quiet spot to transition home. Additionally, Ace is quite an active guy so he`s looking for adopters ready to keep him both mentally and physically stimulated! While Ace loves dogs, his ideal roommate would be a well-mannered adult dog who could show him the ropes! At this time, Ace isn not looking to live with cats or kids. If Ace sounds like the guy for you, please visit our Methuen Adoption Center Tuesday-Sunday 12PM-3PM!"
Joule,Boxer / Pit Bull Terrier,Nevins Farm,Female,5 Months,20.00,https://www.mspca.org/wp-content/uploads/2023/11/1-67.jpeg?1700198801," Meet young puppy Joule! Joule is happy, bouncy, and full of life! Joule loves her friends over at the shelter and has been our latest little puppy project. Thus far in our care, Joule is working hard at practicing her polite greetings, comfortably navigating the world on leash, and using her little puppy mouth in appropriate ways all by the means of force-free, positively reinforced interactions. We are looking for adopters willing to take on this little lady who will require a bit more support than your average puppy while she continues to learn the ropes of life! Joule is a bit worried about dogs, and would prefer to be the only pup in the home. Joule has a history of living with a cat that she was pretty interested in playing with, so any cats involved in her life should be dog-savvy, and comfortable with a high-energy pup! Joule is looking to join a home with adults only at this time to best set her on the track to continue practicing being her best self in a lower traffic home. If our smart cookie Joule sounds like the pup for you, please head to the Methuen MSPCA location Tuesday-Sunday between the hours of 12PM-3PM!"
Nala,German Shepherd Dog Mix,Boston,Female,4 Years,72.53,https://www.mspca.org/wp-content/uploads/2023/10/nala1.jpg?1700198812," Nala is large and in charge, and is ready to join her new home! She has a sweet personality and enjoys spending time with her people. She also has a playful side to show off when she is comfortable! Nala has let us know that she needs all the attention to herself, so she will likely prefer to be the only pet in the home for now, but could live with children in the home with plenty of supervision. If you think you are a good fit and would like to learn more, stop by our Boston Adoption Center. We have open adoption hours Tuesday-Sunday from 12pm-3pm no appointment needed to speak to a staff person regarding available dogs.
For more information on our adoption process, please visit https://www.mspca.org/adoption-centers/how-to-adopt/ Please note, in an effort to keep the stress levels reduced for the dogs in our care, our dog kennel areas will not be open to walk through. Interested adopters will work with a matchmaker on staff to determine which dog(s) they are interested in ‚Äì and if we can identify a match, potential adopters will be able to meet those dogs outside of the kennel. Cat and small animal areas will remain open to walk through."
Daisy,Beagle / Catahoula Leopard Hound,Nevins Farm,Female,7 Months,48.28,https://www.mspca.org/wp-content/uploads/2023/10/4.jpeg?1700198822," Daisy is a spunky young pup ready to go home! Daisy was transported from the south and looks like a Catahoula mix, but what she‚Äôs mixed with is a mystery! Daisy is silly and playful, and is looking for help learning all of the things puppies do. She is still learning that it is not polite to jump on people or use her mouth while playing, so she would do best in a home with patient adopters who are able to spend time training Daisy and meeting her needs. Daisy would do best with teens that can participate in training. She could do well with a dog who is ok with puppy energy or a cat with slow introductions. Come on down to see if she‚Äôs the pup for you! If you think you are a good fit and would like to learn more, please click on the blue Inquire button above, fill out the form, and stop by our Boston Adoption Center. We have open adoption hours Tuesday-Sunday from 12pm-3pm ‚Äì no appointment needed to speak to a staff person regarding available dogs. For more information on our adoption process, please visit https://www.mspca.org/adoption-centers/how-to-adopt/ Please note, in an effort to keep the stress levels reduced for the dogs in our care, our dog kennel areas will not be open to walk through. Interested adopters will work with a matchmaker on staff to determine which dog(s) they‚Äôre interested in ‚Äì and if we can identify a match, potential adopters will be able to meet those dogs outside of the kennel. Cat and small animal areas will remain open to walk through."
Tammy,American Pit Bull Terrier Mix,Salem,Female,1 Years,44.53,https://www.mspca.org/wp-content/uploads/2023/10/1-30.jpeg?1700198832," Weight: 39 lbs Are you ready to bring a bundle of energy and sweetness into your life? Look no further than Tammy, an adorable 1-year-old dog with a heart full of love to share! Tammy is a ball of energy, always ready for an adventure by your side. Whether its a brisk morning walk, an exciting game of fetch, or a leisurely hike, shell be your enthusiastic partner in crime. Her zest for life is truly contagious, and you will find yourself invigorated by her presence. At 39 lbs, Tammy is the perfect size to fit into your heart and home. Her sweet nature is evident in every wag of her tail and every affectionate nuzzle she gives. She is a true people person and thrives on human interaction, making her an ideal choice for someone seeking a devoted and loving companion. While Tammy may not have received formal training yet, her eagerness to learn and please will make the training process a rewarding journey. With a patient and dedicated owner, she will learn all the manners she needs to become a model canine citizen. The bond you will create through training will only deepen the connection between you and Tammy. It‚Äôs important to note that Tammy is not particularly fond of other dogs. She prefers to have your undivided attention and is not the best match for a household with other canine companions. Please note, in an effort to keep the stress levels reduced for the dogs in our care, our dog kennel areas will not be open to walk through. Interested adopters will work with a matchmaker on staff to determine which dog(s) they are interested in and if we can identify a match, potential adopters will be able to meet those dogs outside of the kennel. Cat and small animal areas will remain open to walk through."
Rose,Labrador Retriever Mix,Salem,Female,1 Years,61.29,https://www.mspca.org/wp-content/uploads/2023/10/1-118.jpeg?1700198842," Meet Rose, a charming one-year-old female dog who is eagerly awaiting her forever home. Rose is a loving and active canine companion who is sure to bring joy and happiness into your life. Her favorite pastime is playing fetch, and she‚Äôs always up for a game of chase with her favorite tennis ball. Rose‚Äôs playful nature extends beyond just toys ‚Äì she adores the company of other dogs and enjoys every opportunity for some four-legged fun. With her boundless energy and affectionate personality, Rose is the perfect addition to any family looking for a loyal and playful furry friend. Give Rose a loving home, and she‚Äôll shower you with love and endless playtime."
Kappa,Pit Bull Terrier Mix,Boston,Female,2 Years,52.47,https://www.mspca.org/wp-content/uploads/2023/10/3-6.jpeg?1700198853," Meet Kappa! This gem of a dog is a ball of enthusiasm shes ready to greet you with a big smile and open arms (really, she may jump up and try to give you a hug!). Shes the jogging buddy of your dreams, who also loves a good nap in the sun. Kappa may be able to live with a dog or cat with slow introductions. Come to Boston to meet this sweet girl today!
If you think you are a good fit and would like to learn more, please click on the blue Inquire button above, fill out the form, and stop by our Boston Adoption Center. We have open adoption hours Tuesday-Sunday from 12pm-3pm no appointment needed to speak to a staff person regarding available dogs.
For more information on our adoption process, please visit https://www.mspca.org/adoption-centers/how-to-adopt/
Please note, in an effort to keep the stress levels reduced for the dogs in our care, our dog kennel areas will not be open to walk through. Interested adopters will work with a matchmaker on staff to determine which dog(s) theyre interested in and if we can identify a match, potential adopters will be able to meet those dogs outside of the kennel. Cat and small animal areas will remain open to walk through."
Dewey,Pit Bull Terrier,Boston,Male,2 Years,49.60,https://www.mspca.org/wp-content/uploads/2023/10/1-49.jpeg?1700198863," Meet Dewey! This 2 year old bowling ball is a class clown ‚Äì sometimes seemingly not in control of his limbs, he can be a bit on the mischevious (but not very sneaky) side! His one-man fetch game is unmatched, although he might make his own fun without a little bit of puppy proofing and providing some toys and chewies for him to work on at home. One thing is for sure: Dewey will have you laughing every step of the way. Dewey may be able to live with another dog with a plan for slow introductions. If you think you are a good fit and would like to learn more, please click on the blue Inquire button above, fill out the form, and stop by our Boston Adoption Center. We have open adoption hours Tuesday-Sunday from 12pm-3pm no appointment needed to speak to a staff person regarding available dogs.
For more information on our adoption process, please visit https://www.mspca.org/adoption-centers/how-to-adopt/ Please note, in an effort to keep the stress levels reduced for the dogs in our care, our dog kennel areas will not be open to walk through. Interested adopters will work with a matchmaker on staff to determine which dog(s) theyre interested in ‚Äì and if we can identify a match, potential adopters will be able to meet those dogs outside of the kennel. Cat and small animal areas will remain open to walk through."
Daryl,Labrador Retriever Mix,Nevins Farm,Male,1 Years,44.75,https://www.mspca.org/wp-content/uploads/2023/10/1-13.jpeg?1700198873," Meet 1 year old lab/hound mix Daryl! Daryl was brought to us through our relocation program, so we don‚Äôt have too much history as to what his life was like prior to him coming to our shelter. However, he has spent a short period of time in a home setting where we learned he has some of the makings of house-training, and he loves to entertain himself with toys! As you might guess from his picture, Daryl is going to be a high energy dog who will require lots of work on basic manners and leash walking skills, so adopters should be ready (and excited!) for a dog that will require lots of mental and physical activity, in addition to some training. Daryl has the potential to join a home with a similarly matched dog friend, but will likely require a slow-introduction to start! Daryl is not looking for a home with cats or kids at this time as he‚Äôs still working on mastering being his best good-boy self. If you are interested in adopting this young boy who is excited about life, feel free to stop by our Methuen Adoption Center between the hours of 12PM-3PM Tuesday-Sunday"
Bozo,Pit Bull Terrier Mix,Salem,Male,1 Years,44.97,https://www.mspca.org/wp-content/uploads/2023/10/2-7.jpeg?1700198883," Meet Bozo, an energetic and exuberant young male dog ready to bring boundless joy to your life. Bozo is a bouncy ball of fur, always up for an adventure and eager to play with other dogs who share his enthusiasm for romping and having a great time. He‚Äôs a social butterfly and absolutely adores people, even if he sometimes gets a bit too enthusiastic and jumpy in his greetings. Underneath his boisterous exterior, Bozo is a truly sweet and kind-hearted soul, and his affectionate nature is bound to melt your heart. Bozo is the perfect companion for an active household, as he‚Äôs always ready for a game of fetch, a long walk, or a day at the dog park. With a little training and guidance, he‚Äôll be the ultimate playmate for those who appreciate his vivacious spirit and affectionate demeanor. If you‚Äôre looking for a four-legged friend to share your adventures and fill your days with laughter, Bozo is the pup you‚Äôve been searching for."
Roxy,Pit Bull Terrier,Nevins Farm,Female,6 Years,0.00,https://www.mspca.org/wp-content/uploads/2023/10/IMG_6874-768x1024.jpg?1700198893," Roxy is a beautiful 6 year old pit bull. This sweet lady is ready to find her forever home. If you‚Äôre looking for a perfect size dog who is a couch potato, Roxy is your girl! Although she is a couch potato, she does have her playful moments. She is pretty trainy and walks perfectly on a leash. She loves her slow paced, sniffy walks. While in the future she might enjoy some well-mannered walking pals, at this time Roxy would like to be the only gal in your home! Roxy also says no thank you to cats in the home. Roxy does have past history with living with older children and would need to go to a home with older children who can read and understand her body language. Roxy is a classic pittie gal with some painful skin, so her adopter will need to be prepared to have a close relationship with their veterinarian! If you‚Äôd like more information on this pretty girl, please stop by the shelter during open hours to talk to staff. Tuesday-Sunday 12-3p"
Kodiak,Siberian Husky Mix,Boston,Male,2 Years,51.81,https://www.mspca.org/wp-content/uploads/2023/10/kodiakk.jpg?1700198903," Introducing Kodiak! He‚Äôs smart, energetic, and loves to train! Kodiak is a worried guy who needs a little time to warm up to new people. Once he does he is playful and snuggly, but will need a family who can take things slowly and help him settle in at his own pace. He could live with older teens who have nice shy dog skills and can help to participate in his training, and maybe another patient dog friend. If you think you are a good fit and would like to learn more, stop by our Boston Adoption Center. We have open adoption hours Tuesday-Sunday from 12pm-3pm ‚Äì no appointment needed to speak to a staff person regarding available dogs. For more information on our adoption process, please visit https://www.mspca.org/adoption-centers/how-to-adopt/ Please note, in an effort to keep the stress levels reduced for the dogs in our care, our dog kennel areas will not be open to walk through. Interested adopters will work with a matchmaker on staff to determine which dog(s) they‚Äôre interested in ‚Äì and if we can identify a match, potential adopters will be able to meet those dogs outside of the kennel. Cat and small animal areas will remain open to walk through."
Beverly,Labrador Retriever Mix,Nevins Farm,Female,1 Years,42.33,https://www.mspca.org/wp-content/uploads/2023/11/imagejpeg_0.jpg?1700198914," Wiggles, happy smiles and lots of fun when you welcome Beverly into your home! Beverly is just a year old and she traveled up from the south to find her forever family. This little lady has been through quite a few changes in a short time, so her adopters should give her plenty of time to settle in with just household members while everyone gets acquainted. It`s always best to `puppy proof` the home including a safe confinement area where she can relax when needed. She may be able to join a home with a well matched resident dog or a dog savvy cat. Any kids in the family should be older as Beverly still gets very excited and can be a bit jumpy. If you think this bundle of fun is for you, please stop by to chat with staff. Tuesday Sunday 12-3p"
Onyx,Labrador Retriever Mix,Salem,Female,4 Months,20.94,https://www.mspca.org/wp-content/uploads/2023/11/1-64.jpeg?1700198924," Meet Onyx, a vibrant and spirited puppy bursting with energy and potential. Onyx is ready to bring excitement and liveliness to your home. Like all puppies, Onyx is eager to soak up knowledge, so training is essential to harness her exuberance. With the right guidance, she‚Äôs poised to become a well-behaved and devoted companion. If you‚Äôre up for the adventure of raising a lively pup, come meet Onyx! Together, you can embark on a journey of learning, bonding, and creating cherished memories with this energetic bundle of joy by your side. Any kiddos in the home should be able to participate in her training and be comfortable around a pup that is still working on her manners. Can go home with another dog that is tolerant of playful puppy antics! Please note, in an effort to keep the stress levels reduced for the dogs in our care, our dog kennel areas will not be open to walk through. Interested adopters will work with a matchmaker on staff to determine which dog(s) they‚Äôre interested in ‚Äì and if we can identify a match, potential adopters will be able to meet those dogs outside of the kennel. Cat and small animal areas will remain open to walk through."
Blue,Siberian Husky,Nevins Farm,Male,1 Years,75.62,https://www.mspca.org/wp-content/uploads/2023/11/20231108_071936-768x1024.jpg?1700198933," Are you looking for a young, active, adventure buddy? 1 year old Blue is looking and waiting for a companion who is willing to give him all the love and attention that he deserves! Blue is a dog who has experienced some separation related distress in his previous home, so he is looking for adopters who are committed to having a lifestyle that is able to best help set him up for success. Blue is a young boy and is still learning some of the basics of manners, and does really great with a positive reinforcement approach! Blue is a dog who would do best as the only pet in the home, and with older, sturdier teens who have a good grasp on dog body language. If Blue sounds like a fit for your home, please visit our Methuen Adoption Center Tuesday-Saturday 12PM-3PM!"
Maxy,Siberian Husky,Salem,Male,3 Years,50.71,https://www.mspca.org/wp-content/uploads/2023/11/1-77.jpeg?1700198944," This handsome guy is Maxy! Maxy is a sweet guy with lots of bouncy energy and loads of personality. He has some of the classic husky characteristics such as vocalizations/howling, and he loves to go for solo adventures, and has been known to escpae his yard and go for a jaunt! His new family should be ready to prioritize his safety by keeping a close eye on him when he is outside. He has a history of doing well with some young kids in his previous home, so a young family with kiddos that can respect his space as he settles in could be a great fit! This guy is super fun and absolutely STUNNING to look at, and has the makings of a great family pet. He has also done well with toher dogs here at the shelter that dont mind his goofy antics. Come see this silly guy today."
Al,Black and Tan Coonhound Mix,Salem,Male,2 Years,59.97,https://www.mspca.org/wp-content/uploads/2023/11/1-115.jpeg?1700198954," Meet Al!
This handsome guy is ready to wiggle his way into your heart. Al is looking for an adopter who will let him sniff, run, and play to his hearts content! Al has done well with some doggie playdates while here in the shelter, so a sibling could be in the cards for him. Any kiddos should be comfortable with a big goofball who is still fine tuning his manners. This guy cant help but make you smile, and is just a joy to romp around with. Come see him today!"
Nelly,Pit Bull Terrier Mix,Nevins Farm,Female,5 Years,57.54,https://www.mspca.org/wp-content/uploads/2023/11/20231104_073535-768x1024.jpg?1700198964," Meet our smushy and sweet girl Nelly! Nelly is a 5 year old dog who is energetic, smart, and loves her people! While she requires a little bit of time to get lovey with her new family, once she knows you she is sweet as a peach. Nelly is looking for adopters who are willing to give her adult-self adequate time and space to fully transition into her new home, as she‚Äôs been through a lot of change in a pretty short period of time. This means respecting her boundaries, and taking it slow while she gets to know everyone in the home. Bonus: Nelly appears to be house-trained already, but adopters should understand that in a new setting it might take her some time to always make the mark! Nelly is currently looking to go to a home where she is the only pet, but has the potential to live in a neighborhood that has dogs in it‚Äì so long as her people are diligent in how they go about doing introductions! Nelly has no known experience living with kids, but could likely do well with teens who are able to read dog body language and give her space while she settles in. If Nelly sounds like a fit for your home, feel free to stop by our Methuen Adoption Center 12PM-3PM Tuesday-Sunday!"
Charlie,Australian Cattle Dog Mix,Cape Cod,Male,1 Years,79.37,https://www.mspca.org/wp-content/uploads/2023/11/1-44.jpeg?1700198975," Meet Charlie! He is a bundle of energy, always ready to play, explore and enjoy everything life has to offer. At just a year old, Charlie still has a lot to learn, but will make an amazing companion to anyone looking for an active furry friend. While Charlie is excellent with people and other dogs, he gets too excited at times, resulting in jumping up and getting too rowdy. Charlie needs a patient and dedicated adopter who will help him learn new skills and manage his environment to help him be the best dog he can be. He could live with a tolerant, adult role-model dog to show him the ropes. Kids who are old enough to participate in training could be a good fit! If you are looking for an energetic and social pup to become your new best friend, Charlie might be the one for you! Stop by our open hours and see if you are the right match for each other."
Dahlia,German Shorthaired Pointer Mix,Nevins Farm,Female,1 Years,44.09,https://www.mspca.org/wp-content/uploads/2023/11/1-68.jpeg?1700198985," Do shy dogs just so happen to hold a special place in your heart? Dahlia is about a year and a half old and looking to reside in a quiet home with adopters who are willing to go the extra mile for a fearful, yet sweet dog! Dahlia is looking for adopters who have a confident and polite resident dog who can help her navigate the world, and teach her all the wonderful parts of being a dog. Dahlia is a dog who was brought to us as part of our relocation program, so we don‚Äôt have much history as to what her life has been like up until this point. Adopters should feel comfortable helping Dahlia with some of the basics as she settles in, and understand that a dog like her requires extra patience as the priority in taking her home should be allowing her to decompress. We have no history on if Dahlia has ever met a cat, but has the potential to live with a dog-savvy cat with a slow introduction. Dahlia is not looking to live with young kids at this time, but has the potential to live with respectful teens who can understand her desire for space. If Dahlia sounds like a match for you and your companion dog, feel free to visit our Methuen Shelter between the hours of 12PM-3PM Tuesday-Sunday!"
Luna,Siberian Husky,Cape Cod,Female,9 Months,43.65,https://www.mspca.org/wp-content/uploads/2023/11/1-107.jpeg?1700198996," Luna
10 Months Old
Spayed Female Introducing Luna, the sweetest, squishiest husky of your dreams! Luna is a teenager who is still perfecting her manners, but is a quick study and super smart! She loves to play with toys and is a professional when it comes to fetch. Once all of her needs are met, she is snuggly and is just as good at relaxing! Luna could benefit from a confident, playful dog friend, could potentially live with a dog-savvy cat, and kids who can help to participate in her training! If you think you are a good fit and would like to learn more, stop by our Cape Cod Adoption Center. We have open adoption hours Tuesday-Sunday from 1pm-4pm ‚Äì no appointment needed to speak to a staff person regarding available dogs. For more information on our adoption process, please visit https://www.mspca.org/adoption-centers/how-to-adopt/ Please note, in an effort to keep the stress levels reduced for the dogs in our care, our dog kennel areas will not be open to walk through. Interested adopters will work with a matchmaker on staff to determine which dog(s) they‚Äôre interested in ‚Äì and if we can identify a match, potential adopters will be able to meet those dogs outside of the kennel. Cat and small animal areas will remain open to walk through."
Ben,Boxer Mix,Salem,Male,1 Years,55.12,https://www.mspca.org/wp-content/uploads/2023/11/1-116.jpeg?1700199006," Meet Ben, the lovable Boxer mix with a heart as big as his boundless energy. This sweet-natured canine companion is a delight for both dogs and people alike, radiating warmth and friendliness wherever he goes. Ben‚Äôs charm extends beyond just his human friends; he‚Äôs proven to be a gentle soul around farm animals, showcasing his adaptable and easygoing nature. Energetic and enthusiastic, Ben is the perfect sidekick for those who love an active lifestyle. As he continues to grow and explore the world, he‚Äôs still in the process of refining his manners, making each day a new opportunity for learning and improvement. If you‚Äôre ready to welcome a sweet, energetic, and ever-friendly Boxer mix into your home, Ben is eager to become a cherished member of your family, bringing joy and affection to every moment."
Reba,Labrador Retriever Mix,Salem,Female,5 Months,22.60,https://www.mspca.org/wp-content/uploads/2023/11/1-73.jpeg?1700199016," * MUST GO HOME WITH ANOTHER CANINE FRIEND üôÇ *
Meet our precious pup, still finding her paws in the world and seeking a loving home where patience and understanding abound. This nervous but incredibly sweet puppy, Reba, is on the lookout for a calm and quiet environment where she can blossom at her own pace. Respecting her need for a gentle approach, this little one requires a patient and caring family willing to give her the time and space she needs to feel secure. Once comfortable, be prepared for the emergence of a vibrant and active side to this adorable pup. With the right guidance and a tranquil setting, she transforms into a playful bundle of joy, ready to embark on countless adventures with her newfound companions. If you‚Äôre ready to open your heart to a pup who thrives on love, understanding, and a bit of patience, this little one might just be the perfect match for your home."
Ellie,Rat Terrier Mix,Nevins Farm,Female,3 Years,31.75,https://www.mspca.org/wp-content/uploads/2023/11/1-46.jpeg?1700199026," Ellie is a 3 year old dog brought to us through our relocation program! While we don‚Äôt have much knowledge on Ellie prior to her being in our care, our adoption center staff is happy to chat through all of the great things we have learned about her thus far! Ellie is a real sweetheart, and has really enjoyed her time spent around her new human friends here. She is friendly and kind, and is a pro at loose leash walking! Ellie is looking for adopters willing to have some patience to get her settled into her new home, as we don‚Äôt know that shes learned any of the basics an adult dog like her would have learned just yet like house training, crate training, basic manners in the home, etc. In the shelter, Ellie has done really great at meeting other dogs on leash and has the potential to live with a similar lowkey dog friend. While she doesn‚Äôt have a history with cats, she could potentially live with a dog-savvy cat with a slow-introduction. Again, Ellie LOVES people and could potentially live with kids, but adopters should be committed to making sure all interactions are well managed and supervised to help best set everyone up for success! If wonderful Ellie sounds like the one for you, stop by our Methuen Adoption Center 12PM-3PM Tuesday-Sunday."
Patsy,Pit Bull Terrier Mix,Salem,Female,2 Years,46.96,https://www.mspca.org/wp-content/uploads/2023/11/1-72.jpeg?1700199036," Meet Patsy, a sweet and endearing dog in search of a loving and patient home. Patsy may appear shy at first, as she is a bit nervous around new people and places, but beneath that initial reserve lies a heart full of love waiting to blossom. She is exceptionally fearful, so a patient and understanding adopter would be the perfect match for her. Patsy is not a fan of feline friends, and her comfort level with other dogs varies, as she tends to prefer the company of certain canine companions. Leash skills are a work in progress for Patsy, so a family committed to helping her build confidence in this area would be ideal. Additionally, she is still learning the ropes of potty training and would benefit greatly from a supportive and consistent environment. With time, love, and gentle guidance, Patsy is sure to transform into a loyal and devoted companion, ready to bring joy to her new home."
Doug,Labrador Retriever Mix,Salem,Male,5 Months,28.66,https://www.mspca.org/wp-content/uploads/2023/11/1-48.jpeg?1700199046," Hello, potential dog parents! Meet Doug, an adorable 6-month-old black lab puppy who‚Äôs ready to find his forever home. Doug may be young, but he has a unique personality that requires special attention, care, and love. Let‚Äôs dive into what makes Doug such a special addition to your family. Decompression Needed:
Doug has had a bit of a rough start in life, and he may need some time to adjust to his new surroundings. If you‚Äôre patient and understanding, you‚Äôll see him blossom into the wonderful pup he is meant to be. Allow him the time and space he needs to decompress and get comfortable in his new home. Fearful/Sensitive to Changes in Environment:
Doug is a sensitive soul who gets easily overwhelmed by changes in his environment. Loud noises, unfamiliar places, and sudden movements can make him anxious. With your support, he can build confidence over time. A calm, consistent environment will help him feel safe and secure. Socialization Required:
Doug didn‚Äôt have the opportunity for proper socialization in his early months. As a result, he may be a bit shy around new people, dogs, and experiences. It‚Äôs important to slowly introduce him to different situations, other dogs, and people in a positive and controlled manner. Socialization classes and gentle exposure will help him grow into a well-adjusted, happy pup. General Handling Required:
Like any puppy, Doug is still learning about the world. He‚Äôll need guidance and gentle handling to build his trust and confidence. This is an opportunity for you to be his loving teacher, helping him grow into a well-mannered and loving companion. What Doug Needs: A patient and understanding owner who is willing to give him the time to adjust.
A quiet and stable home environment where he can feel secure.
Positive and gradual socialization with other dogs and people.
Consistent training and lots of love and affection.
In return, Doug promises to be your loyal and loving companion, always eager to learn and share his love with you. His boundless energy and zest for life will bring joy to your days. If you are up for the rewarding journey of helping Doug overcome his challenges and watching him thrive, please consider opening your heart and home to this wonderful black lab. Together, you and Doug can create a lifetime of cherished memories and unbreakable bonds."
Chester,Labrador Retriever Mix,Salem,Male,5 Months,29.10,https://www.mspca.org/wp-content/uploads/2023/11/1-91.jpeg?1700199057," Meet Chester, a pup with an infectious spirit and an insatiable curiosity. His energy is boundless, and his goofiness is sure to bring a smile to your face. He‚Äôs a playful little guy who loves to explore his surroundings and make new friends. His friendly demeanor makes him a joy to be around, and his cuddly nature makes him the perfect snuggle buddy. Chester‚Äôs sweet personality shines through in everything he does. He‚Äôs not just a pet, but a companion who will bring endless joy and laughter into your life. Adopt Chester and experience the unconditional love and loyalty that only a pet can provide."
Sneakers,Beagle Mix,Salem,Male,5 Months,18.74,https://www.mspca.org/wp-content/uploads/2023/11/2-16.jpeg?1700199067," Meet our newest canine resident, an adorable puppy who has recently joined our shelter. This young pup‚Äôs story is just beginning, and we are in the process of discovering the unique qualities and characteristics that make them a one-of-a-kind companion. While we don‚Äôt know all the details of their past, one thing is certain: this puppy has an abundance of potential and love to share. As we spend more time with them, we are excited to watch their personality unfold, witness their playful antics, and see their bonds with humans and other animals grow. Although we are still getting to know this sweet puppy, one thing is for sure ‚Äî they are ready to learn how to be a loving pet with love, training, and a lifetime of memories. They are a mixed breed puppy, so their full grown size is a bit of a mystery!"
Sierra,Black Mouth Cur Mix,Salem,Female,4 Months,21.27,https://www.mspca.org/wp-content/uploads/2023/11/2-17.jpeg?1700199077," Meet Sierra, a sweet and gentle soul looking for her new home. This lovely female puppy is a bundle of fur and love, with a heart as big as her adorable eyes. Sierra may be a bit shy and nervous when it comes to new people and places, but give her a little time, and you‚Äôll witness her blossoming into a trusting and affectionate companion. Her initial hesitancy is just a testament to her sensitivity and loyalty. Once Sierra feels comfortable, she transforms into a cuddlebug, showering affection on those she holds dear. Picture the joy of coming home to a wagging tail and a warm, furry friend ready to snuggle up with you on the couch. If you‚Äôre ready to open your heart to a charming companion who thrives on familiarity and love, Sierra is the perfect match for you. Give this precious pup the chance to bloom into the confident and loving companion she‚Äôs destined to be. Adopt Sierra, and embark on a journey of shared warmth and happiness."
Sox,Labrador Retriever Mix,Salem,Male,3 Months,21.83,https://www.mspca.org/wp-content/uploads/2023/11/2-18.jpeg?1700199087," Meet our newest canine resident, an adorable puppy who has recently joined our shelter. This young pup‚Äôs story is just beginning, and we are in the process of discovering the unique qualities and characteristics that make them a one-of-a-kind companion. While we don‚Äôt know all the details of their past, one thing is certain: this puppy has an abundance of potential and love to share. As we spend more time with them, we are excited to watch their personality unfold, witness their playful antics, and see their bonds with humans and other animals grow. Although we are still getting to know this sweet puppy, one thing is for sure ‚Äî they are ready to learn how to be a loving pet with love, training, and a lifetime of memories. They are a mixed breed puppy, so their full grown size is a bit of a mystery!"
Jamie,Labrador Retriever Mix,Salem,Female,4 Months,20.50,https://www.mspca.org/wp-content/uploads/2023/11/2-19.jpeg?1700199097," Meet our newest canine resident, an adorable puppy who has recently joined our shelter. This young pup‚Äôs story is just beginning, and we are in the process of discovering the unique qualities and characteristics that make them a one-of-a-kind companion. While we don‚Äôt know all the details of their past, one thing is certain: this puppy has an abundance of potential and love to share. As we spend more time with them, we are excited to watch their personality unfold, witness their playful antics, and see their bonds with humans and other animals grow. Although we are still getting to know this sweet puppy, one thing is for sure ‚Äî they are ready to learn how to be a loving pet with love, training, and a lifetime of memories. They are a mixed breed puppy, so their full grown size is a bit of a mystery!"
Vegas,Labrador Retriever Mix,Salem,Male,4 Months,25.13,https://www.mspca.org/wp-content/uploads/2023/11/1-83.jpeg?1700199107," Meet our newest canine resident, an adorable puppy who has recently joined our shelter. This young pup‚Äôs story is just beginning, and we are in the process of discovering the unique qualities and characteristics that make them a one-of-a-kind companion. While we don‚Äôt know all the details of their past, one thing is certain: this puppy has an abundance of potential and love to share. As we spend more time with them, we are excited to watch their personality unfold, witness their playful antics, and see their bonds with humans and other animals grow. Although we are still getting to know this sweet puppy, one thing is for sure ‚Äî they are ready to learn how to be a loving pet with love, training, and a lifetime of memories. They are a mixed breed puppy, so their full grown size is a bit of a mystery!"
Hanna,Labrador Retriever Mix,Salem,Female,2 Months,7.05,https://www.mspca.org/wp-content/uploads/2023/11/1-110.jpeg?1700199117," Meet our newest canine resident, an adorable puppy who has recently joined our shelter. This young pup‚Äôs story is just beginning, and we are in the process of discovering the unique qualities and characteristics that make them a one-of-a-kind companion. While we don‚Äôt know all the details of their past, one thing is certain: this puppy has an abundance of potential and love to share. As we spend more time with them, we are excited to watch their personality unfold, witness their playful antics, and see their bonds with humans and other animals grow. Although we are still getting to know this sweet puppy, one thing is for sure ‚Äî they are ready to learn how to be a loving pet with love, training, and a lifetime of memories. They are a mixed breed puppy, so their full grown size is a bit of a mystery!"
Snowky,Alaskan Malamute Mix,Boston,Male,8 Years,56.88,https://www.mspca.org/wp-content/uploads/2023/11/1-92.jpeg?1700199127," Meet Snowky! This fluffy-haired beauty can`t wait to start his next chapter. While he`s made some really great friends at the shelter, he`s a sensitive guy who is not well-suited for shelter life. Snowky has had 8 years of practice being the best boy, and is looking for a quiet, predictable lifestyle. He can be a bit reserved when first making new friends, but when he`s allowed to set the pace it doesn`t take long for him to show you his silly, chatty side. He`s looking for an adopter excited about helping him feel more comfortable with the regular grooming his beautiful coat requires. Snowky may do well living with another mellow dog or cat, and may also enjoy older kids who can support him through a slow transition into his new family. If you think you are a good fit and would like to learn more, please click on the blue Inquire button above, fill out the form, and stop by our Boston Adoption Center. We have open adoption hours Tuesday-Sunday from 12pm-3pm no appointment needed to speak to a staff person regarding available dogs. For more information on our adoption process, please visit https://www.mspca.org/adoption-centers/how-to-adopt/ Please note, in an effort to keep the stress levels reduced for the dogs in our care, our dog kennel areas will not be open to walk through. Interested adopters will work with a matchmaker on staff to determine which dog(s) theyre interested in ‚Äì and if we can identify a match, potential adopters will be able to meet those dogs outside of the kennel. Cat and small animal areas will remain open to walk through."
Waylon,Labrador Retriever Mix,Nevins Farm,Male,5 Months,28.22,https://www.mspca.org/wp-content/themes/mspca-theme/images/noimg.png,
Willie,Labrador Retriever Mix,Salem,Male,5 Months,28.66,https://www.mspca.org/wp-content/uploads/2023/11/1-106.jpeg?1700199145," * MUST GO HOME WITH ANOTHER CANINE FRIEND üôÇ *
Introducing our endearing little guy, still navigating the world with a touch of nervousness but a heart full of potential. This sweet, male puppy, Willie, is in search of a patient and tranquil home where he can find the comfort and security he needs to truly shine. His ideal family will understand the importance of taking things slow, offering him the gentle guidance and assurance necessary for him to feel at ease. Once he settles in, get ready for the delightful transformation of a lively and active companion. This little guy is brimming with energy and playfulness, ready to share his exuberance with those who give him the time and space to thrive. If you‚Äôre seeking a charming and spirited addition to your family, willing to invest a bit of patience for a lifetime of joy, this little boy could be the perfect fit for your loving home."
Churro,Pit Bull Terrier Mix,Nevins Farm,Male,2 Years,32.63,https://www.mspca.org/wp-content/themes/mspca-theme/images/noimg.png,
Jacie,Labrador Retriever Mix,Salem,Female,4 Years,41.01,https://www.mspca.org/wp-content/uploads/2023/11/1-89.jpeg?1700199166," Meet Jacie, a sweet and soulful female dog who has recently made her way to us from a shelter down south. This lovely girl is currently in the process of adjusting to her new surroundings, and we‚Äôre getting to know her delightful personality more each day. Jacie has shown a special affinity for playing with other dogs, showcasing her social and playful nature. As we spend more time with her, we‚Äôre uncovering the layers of her charm and the unique qualities that make her a wonderful companion. Jacie is a testament to resilience, and we‚Äôre excited to witness her blossom as she settles into a loving home. If you‚Äôre looking for a canine friend who is ready to explore the joys of companionship, consider giving Jacie a chance to steal your heart. Come meet this gentle soul, and together let‚Äôs create a new chapter filled with love, understanding, and shared adventures."
Farrah,Pit Bull Terrier Mix,Salem,Female,9 Months,31.75,https://www.mspca.org/wp-content/uploads/2023/11/1-90.jpeg?1700199178," Farrah is the ultimate charmer, and she‚Äôs ready to win over your heart! With her medium energy levels, she‚Äôs the perfect companion who doesn‚Äôt want to miss a moment with her people. Farrah‚Äôs love for carrying around her stuffed animals showcases her playful side, and her excellent potty training makes her a breeze to have at home. Plus, she has done well with children, making her an ideal addition to any family. She enjoys playing with other dogs and has done well in play groups here at the shelter."
Dolly,Pit Bull Terrier Mix,Salem,Female,3 Years,41.89,https://www.mspca.org/wp-content/uploads/2023/11/1-94.jpeg?1700199188," Meet Dolly, an affectionate and people-friendly female dog who is sure to steal your heart with her warm greetings and sweet kisses. Dolly is not only a joy to be around but is also great with other dogs, making her the perfect companion for families looking to expand their furry pack. This lovely lady has a charming habit of jumping up to say hello, eager to share her boundless enthusiasm and love with everyone she meets. Dolly has a history of being comfortable around children in her previous home. One of Dolly‚Äôs impressive skills is her crate training, providing a sense of security and structure for her. Whether she‚Äôs seeking a quiet retreat or a cozy nap spot, Dolly understands the value of her own space. In addition to her charming social skills, Dolly is a fan of backyard zoomies, showcasing her playful and energetic side. If you‚Äôre looking for a delightful canine companion who thrives on love, social interaction, and the occasional burst of energy, Dolly is the perfect addition to your home. Come meet this affectionate girl and discover the joy of having a furry friend who is always ready to shower you with love and excitement."
Mason,Pit Bull Terrier Mix,Salem,Male,9 Months,37.48,https://www.mspca.org/wp-content/uploads/2023/11/1-121.jpeg?1700199198,
Joseph,Siberian Husky Mix,Salem,Male,1 Years,39.68,https://www.mspca.org/wp-content/uploads/2023/11/1-124.jpeg?1700199206," Introducing Joseph, a handsome male dog who has recently joined us from a shelter down south. This charming fellow is in the process of settling into his new surroundings, and we‚Äôre eagerly discovering the wonderful facets of his personality. Joseph has shown a particular fondness for playing with other dogs, showcasing his friendly and social nature. As we spend more time with him, we‚Äôre unraveling the layers of his character, and it‚Äôs clear that he has a heart full of love to share. Joseph‚Äôs journey from the shelter down south to our care is a testament to his resilience, and we believe he‚Äôs ready to embark on a new chapter of companionship and joy. If you‚Äôre searching for a four-legged friend who is both sociable and loving, Joseph might be the perfect match for you. Come meet this endearing canine companion and help him transition into the loving forever home he deserves. Adopt Joseph and witness the transformation of a shelter dog into a cherished member of your family, ready for a lifetime of shared adventures."
Nutmeg,Pit Bull Terrier Mix,Salem,Female,3 Years,44.97,https://www.mspca.org/wp-content/uploads/2023/11/1-126.jpeg?1700199218," Meet Nutmeg, a delightful and affectionate female dog ready to add a dash of spice to your life! In her southern foster home, Nutmeg integrated into her home, enjoying the freedom to roam alongside her foster family‚Äôs dog while they work from home. Nutmeg is a fan of outdoor adventures and is taken on multiple walks each day, reveling in the joy of exploration. Although she may need a bit of refinement in her leash manners, her eagerness to learn and please makes her a promising student. A free spirit, Nutmeg is not crated and has proven to be well-behaved indoors, making her a trustworthy companion. At night, she cuddles up in bed, bringing warmth and companionship. Nutmeg‚Äôs playful nature shines through during interactive sessions, particularly in spirited games of tug of war with toys. Social and loving, Nutmeg has a heart full of affection for people, making her a wonderful addition to any loving home. Her ideal home will be feline free. If you‚Äôre looking for a furry friend who embodies charm and joy, Nutmeg might just be the perfect match for you!"
Ezra,Plott Hound Mix,Salem,Male,2 Years,52.91,https://www.mspca.org/wp-content/uploads/2023/11/1-138.jpeg?1700199229," Introducing Ezra, a lovable male dog ready to steal your heart! When he was residing in a southern foster home, Ezra shared his space with five other dogs, showcasing his exceptional dog-friendly nature. He effortlessly forms bonds with both male and female canine companions but, due to his feline preferences, a cat-free environment is recommended. Ezra is a true people-lover, thriving on the attention and affection he receives from his human friends. Cuddling is his forte, and he eagerly leans in, resting his head on shoulders or chests, making every interaction a heartfelt connection. This sweet and gentle boy adores ear rubs, often drifting into peaceful slumber on the lap of those who shower him with love. While Ezra spends most of his day freely exploring the house, he is working on perfecting his house training skills. Although he may have a few accidents, his crate proves to be a safe haven when his humans are away, showcasing his calm and quiet demeanor. At night, Ezra enjoys the freedom of sleeping outside his crate, ready to share his warmth and affection with his future owner. If you‚Äôre seeking a companion who radiates love and gentleness, Ezra is the perfect match for you!"
Aragorn,Black Mouth Cur Mix,Salem,Male,3 Months,30.42,https://www.mspca.org/wp-content/uploads/2023/11/1-123.jpeg?1700199239," Meet our newest canine resident, an adorable puppy who has recently joined our shelter. This young pup‚Äôs story is just beginning, and we are in the process of discovering the unique qualities and characteristics that make them a one-of-a-kind companion. While we don‚Äôt know all the details of their past, one thing is certain: this puppy has an abundance of potential and love to share. As we spend more time with them, we are excited to watch their personality unfold, witness their playful antics, and see their bonds with humans and other animals grow. Although we are still getting to know this sweet puppy, one thing is for sure ‚Äî they are ready to learn how to be a loving pet with love, training, and a lifetime of memories. They are a mixed breed puppy, so their full grown size is a bit of a mystery!"
Cody,Pekingese,Boston,Male,6 Years,12.13,https://www.mspca.org/wp-content/uploads/2023/11/2-5.jpeg?1700199249," Meet Cody! He‚Äôs 12 lbs of pure Pekingnese, and 100% a delight. If you‚Äôre looking for your next walking buddy and pint-sized companion, he might be the one for you! Cody can be affectionate, but on his terms, and may take some time to ask for pets from new people. Cody has successfully lived with another dog, but didn‚Äôt like sharing toys. He‚Äôs If you think you are a good fit and would like to learn more, stop by our Boston Adoption Center. We have open adoption hours Tuesday-Sunday from 12pm-3pm ‚Äì no appointment needed to speak to a staff person regarding available dogs. For more information on our adoption process, please visit https://www.mspca.org/adoption-centers/how-to-adopt/ Please note, in an effort to keep the stress levels reduced for the dogs in our care, our dog kennel areas will not be open to walk through. Interested adopters will work with a matchmaker on staff to determine which dog(s) they‚Äôre interested in ‚Äì and if we can identify a match, potential adopters will be able to meet those dogs outside of the kennel. Cat and small animal areas will remain open to walk through."
Colors,Siberian Husky Mix,Salem,Male,10 Months,39.68,https://www.mspca.org/wp-content/uploads/2023/11/1-135.jpeg?1700199259," Introducing Colors, an energetic and charismatic male dog who has recently made his way from a shelter down south to embark on a new chapter of his life. As Colors adjusts to his surroundings, we‚Äôre in the process of getting to know this lively canine companion. His vibrant personality is evident in his boundless energy, making him a perfect match for an active and engaging household. Colors is a dynamic spirit, and we‚Äôre excited to witness his playful nature blossom in the right environment. If you‚Äôre seeking a four-legged friend to join you on outdoor adventures or keep up with an active lifestyle, Colors might be the ideal addition to your family. Come meet this spirited pup, and together let‚Äôs explore the vibrant palette of his personality. Adopt Colors and be a part of his journey as he transforms from a shelter dog into a beloved member of your family, ready to share joy, love, and an abundance of energy."
Baxley,Labrador Retriever Mix,Salem,Male,1 Years,58.20,https://www.mspca.org/wp-content/uploads/2023/11/1-137.jpeg?1700199271," Meet Baxley, a charming male dog who has recently arrived from a shelter down south and is currently in the process of settling into his new surroundings. Baxley is a bit of a mystery at the moment, and we‚Äôre excited to uncover the unique qualities that make him a wonderful companion. As we spend more time getting to know him, Baxley‚Äôs true personality is sure to shine through. His journey from the southern shelter to our care is a testament to his resilience, and we‚Äôre eager to help him transition into a loving forever home. If you‚Äôre looking for a canine companion who is a bit of a blank canvas, ready to be shaped by the love and care of a dedicated family, Baxley might be the perfect addition to your home. Come meet this enigmatic pup and be a part of the story as he opens up to a world of love and companionship. Adopt Baxley and provide him with the second chance he deserves, giving him the opportunity to become a cherished member of your family."
Ginny,Labrador Retriever Mix,Nevins Farm,Female,9 Months,62.39,https://www.mspca.org/wp-content/themes/mspca-theme/images/noimg.png,
Jasper,Black and Tan Coonhound Mix,Salem,Male,8 Years,52.91,https://www.mspca.org/wp-content/uploads/2023/11/1-6.jpeg?1700199290," Introducing Jasper, a dignified older hound with a heart as big as his velvety ears. This wise canine gentleman is pretty good at walking on a leash. His measured pace and consideration make strolls with Jasper a joyous experience for both parties. True to his hound nature, Jasper‚Äôs nose leads the way, but his admirable spirit turns every walk into a delightful adventure. In the yard, Jasper initially keeps to himself, engrossed in the myriad scents that capture his attention. After a brief moment of independent exploration, he warms up to those around him, approaching with a relaxed demeanor to indulge in treats and accept gentle pets. Jasper‚Äôs affectionate side emerges gradually, showcasing his deep appreciation for companionship. If you‚Äôre seeking a seasoned companion with a gentle spirit and a love for walks, Jasper is the perfect match. Embrace the charm and wisdom that comes with age by welcoming Jasper into your home."
Bonnye,Black and Tan Coonhound Mix,Salem,Female,6 Months,34.39,https://www.mspca.org/wp-content/themes/mspca-theme/images/noimg.png," Meet our newest canine resident, an adorable puppy who has recently joined our shelter. This young pup‚Äôs story is just beginning, and we are in the process of discovering the unique qualities and characteristics that make them a one-of-a-kind companion. While we don‚Äôt know all the details of their past, one thing is certain: this puppy has an abundance of potential and love to share. As we spend more time with them, we are excited to watch their personality unfold, witness their playful antics, and see their bonds with humans and other animals grow. Although we are still getting to know this sweet puppy, one thing is for sure ‚Äî they are ready to learn how to be a loving pet with love, training, and a lifetime of memories. They are a mixed breed puppy, so their full grown size is a bit of a mystery!"
